,ASIN,product,variant,brand,name,date,score,title,comment
0,B09B3W9WZV,日本サンテ チェストべリー 茶 ハーブ10種 ノンカフェイン 国産 無添加 （45杯分） ティーパック,日本サンテ,,amazonn,2023年5月20日,4.0,ノンカフェイン,黒豆茶の風味で飲みやすいです。ノンカフェインなので寝る前も安心してごくごく飲めます！
1,B09B3W9WZV,日本サンテ チェストべリー 茶 ハーブ10種 ノンカフェイン 国産 無添加 （45杯分） ティーパック,日本サンテ,,鈴江奈菜,2023年6月4日,5.0,飲みやすい,飲みやすかった
2,B09B3W9WZV,日本サンテ チェストべリー 茶 ハーブ10種 ノンカフェイン 国産 無添加 （45杯分） ティーパック,日本サンテ,,Amazon,2023年6月4日,5.0,飲みやすいです,とても飲みやすいので、しばらく続けて見ます！水出しで飲んでいます。
3,B09B3W9WZV,日本サンテ チェストべリー 茶 ハーブ10種 ノンカフェイン 国産 無添加 （45杯分） ティーパック,日本サンテ,,きのきの,2023年5月14日,4.0,飲みやすいです！,更年期の症状を感じるようになり、少しでも緩和すればと購入しました。まだ飲み始めたばかりなので効果は分かりませんが、飲みやすいので毎日飲んで効果に期待したいです！！
4,B09B3W9WZV,日本サンテ チェストべリー 茶 ハーブ10種 ノンカフェイン 国産 無添加 （45杯分） ティーパック,日本サンテ,,kiki,2023年5月13日,4.0,飲みやすい,お安くなっていたので試しに購入。クセがある感じだろうか？と心配していましたが、そんな事はなく、とても飲みやすかったです。毎日飲むには贅沢ですが、体調や気分に合わせて、友人にもお裾分けしようと思います。
5,B09B3W9WZV,日本サンテ チェストべリー 茶 ハーブ10種 ノンカフェイン 国産 無添加 （45杯分） ティーパック,日本サンテ,,Amazon カスタマー,2023年5月31日,5.0,飲みやすいです,2回目の購入です。毎日ステンレスボトルに入れて会社に持って行っています。飲みやすい味で続けやすいのでまたリピートしたいと思います。
6,B09B3W9WZV,日本サンテ チェストべリー 茶 ハーブ10種 ノンカフェイン 国産 無添加 （45杯分） ティーパック,日本サンテ,,ヒロ,2023年4月30日,4.0,飲みやすいです,麦茶みたいな味でくぜがなく、飲みやすいです。朝ハーブティのポットに並々お湯を入れて、何杯かに分けて、寝る前までに飲み干します。暖かくても美味しいですが、冷めても風味が残って美味しく飲めました。
7,B09B3W9WZV,日本サンテ チェストべリー 茶 ハーブ10種 ノンカフェイン 国産 無添加 （45杯分） ティーパック,日本サンテ,,Amazon カスタマー,2023年5月25日,5.0,生理前のイライラに,生理前のイライラにラズベリーリーフのお茶を探していました。黒豆が飲みやすくしてくれていて美味しく飲めます。
8,B09B3W9WZV,日本サンテ チェストべリー 茶 ハーブ10種 ノンカフェイン 国産 無添加 （45杯分） ティーパック,日本サンテ,,miya,2023年5月21日,5.0,黒豆の香りに癒されています,更年期の症状にチェストベリーが効くと知り、今までは他社のお茶を飲んでいました。しかし、ハーブ独特の香りが苦手でいつのまにか辞めてしまいました。これは黒豆ベースで飲みやすいです。黒豆の香りにも癒されています。癖が強くないので、食事中などTPOを気にせず飲めるのもいいですね。また体にいいハーブが沢山入ってるのに、値段がお手頃なのもありがたいです。
9,B09B3W9WZV,日本サンテ チェストべリー 茶 ハーブ10種 ノンカフェイン 国産 無添加 （45杯分） ティーパック,日本サンテ,,まるさんかくしかく,2023年4月29日,4.0,ティーパックではない,味は美味しいと思います
10,B09B3W9WZV,日本サンテ チェストべリー 茶 ハーブ10種 ノンカフェイン 国産 無添加 （45杯分） ティーパック,日本サンテ,,はいどえもん,2023年5月20日,5.0,安くて美味しい,チェストベリーは高い商品が多い中、お手頃に購入出来るので助かっています。味も高いものとそこまで変わらないです。
11,B09B3W9WZV,日本サンテ チェストべリー 茶 ハーブ10種 ノンカフェイン 国産 無添加 （45杯分） ティーパック,日本サンテ,,A,2023年5月15日,5.0,イライラ改善されたかも？,麦茶のパックのような大きな袋に入ってます。飲みやすくてサラッとした味なので彼も好んで飲んでました。一袋飲み終えて緑茶を飲んでいたらなんだか体が冷えて落ち着かないような感覚だったのでもしかしたらこのお茶が気持ちの落ち着きやイライラをおだやかにしてくれてたのかも
12,B09B3W9WZV,日本サンテ チェストべリー 茶 ハーブ10種 ノンカフェイン 国産 無添加 （45杯分） ティーパック,日本サンテ,,みこAmazon カスタマー,2023年5月14日,5.0,いろいろな味,いろんな風味のお茶にさわやかにされました。
13,B09B3W9WZV,日本サンテ チェストべリー 茶 ハーブ10種 ノンカフェイン 国産 無添加 （45杯分） ティーパック,日本サンテ,,まるまる,2023年5月13日,5.0,シンプルなりに、充実感あり！,色々ハーブティを試してみましたが、お値段は中々、中身はマンネリ化した同じようなものばかり。今回初めての購入ですが、内容については目新しく、身体にも良さそうです。シンプルさに惹かれて定期購入にしました。楽しみに暫く続けてみます。
14,B09B3W9WZV,日本サンテ チェストべリー 茶 ハーブ10種 ノンカフェイン 国産 無添加 （45杯分） ティーパック,日本サンテ,,あ,2023年5月10日,5.0,コスパがいい,ハーブだけじゃなくて、黒豆やルイボスが入っているので飲みやすく、続けやすいと思います。夏になると冷やして飲んでみようと思います。
15,B09B3W9WZV,日本サンテ チェストべリー 茶 ハーブ10種 ノンカフェイン 国産 無添加 （45杯分） ティーパック,日本サンテ,,yumimi,2023年4月9日,4.0,クセもなく飲みやすい,クセはほとんどないので食事の時のお茶としても飲めます。ホットでもアイスでも美味しかったですが、私はホットの方が気に入ってます。
16,B09B3W9WZV,日本サンテ チェストべリー 茶 ハーブ10種 ノンカフェイン 国産 無添加 （45杯分） ティーパック,日本サンテ,,こと,2023年5月7日,5.0,美味しい,PMS、PMDD持ちです。こちらのチェストサプリが効果があり、お茶も気になったので購入しました。味は麦茶で、独特な風味やクセが全くなく、非常に飲みやすいです。これなら美味しく続けられると思います。大容量パックを売ってほしいです！
17,B09B3W9WZV,日本サンテ チェストべリー 茶 ハーブ10種 ノンカフェイン 国産 無添加 （45杯分） ティーパック,日本サンテ,,m,2023年5月12日,5.0,飲みやすい！！,最初はハーブ感が強いと思いましたが、黒豆のお茶みたいな感じで、飲みやすく続けれそうです。ノンカフェインなので嬉しいです〜！！
18,B09B3W9WZV,日本サンテ チェストべリー 茶 ハーブ10種 ノンカフェイン 国産 無添加 （45杯分） ティーパック,日本サンテ,,Amazon カスタマー,2023年4月7日,4.0,飲みやすい。,黒豆の味が香ばしく、くせもなく飲みやすい。有機のハーブなので、安心して飲めます。
19,B09B3W9WZV,日本サンテ チェストべリー 茶 ハーブ10種 ノンカフェイン 国産 無添加 （45杯分） ティーパック,日本サンテ,,ま,2023年5月8日,5.0,美味しいです,飲みやすくて毎日飲んでます。癖がなく麦茶の様な味がするのでこれからも飲み続けていこうと思います。
20,B09B3W9WZV,日本サンテ チェストべリー 茶 ハーブ10種 ノンカフェイン 国産 無添加 （45杯分） ティーパック,日本サンテ,,谷口奈緒美,2023年5月3日,5.0,PMSが良くなって来た！,味はハーブティーじゃないです。本当に、ただのお茶。毎日3回飲む様にしてるけど、本当に酷かったPMSが大分楽になりました。毎月購入してます。
21,B09B3W9WZV,日本サンテ チェストべリー 茶 ハーブ10種 ノンカフェイン 国産 無添加 （45杯分） ティーパック,日本サンテ,,ao,2023年5月4日,5.0,飲みやすいです。,数年前からサプリの「チェスト」を生理の前から飲んでいて、pmsが緩和されるので助かっています。こちらのお茶は、今回初めて購入しましたが、サプリと同じくよい作用をしてくれます。お茶を1日のうちに何度か飲むので、その日はサプリは飲むのをやめていますが、気持ちの面でも調子が良いです。
22,B09B3W9WZV,日本サンテ チェストべリー 茶 ハーブ10種 ノンカフェイン 国産 無添加 （45杯分） ティーパック,日本サンテ,,Deux,2023年5月3日,5.0,黒豆の味が香ばしくてオススメです。,以前チェストベリーのハーブティーを飲んだ際に、味が苦くて続けるのは少し辛いと感じたことがあったのですがこちらはいくらでも飲んでいられます。黒豆の味が香ばしく、更に生理痛が辛かった日に飲んだら痛みが和らいだと感じました。
23,B09B3W9WZV,日本サンテ チェストべリー 茶 ハーブ10種 ノンカフェイン 国産 無添加 （45杯分） ティーパック,日本サンテ,,Amazon カスタマー,2023年5月4日,5.0,おいしい,体調も良くおいしいので続けたいです
24,B09B3W9WZV,日本サンテ チェストべリー 茶 ハーブ10種 ノンカフェイン 国産 無添加 （45杯分） ティーパック,日本サンテ,,Amazonカスタマー,2023年5月2日,5.0,PMS対策として,タイトルの通り、生理前の精神的、身体的な辛さがあり、毎月辛いタイプです。良いハーブティーを探して、チェストベリー含有のこちらを飲み始めました。身体への効果は続けてみないと分かりませんが、身体に優しい気がします。1リットルボトルに、一袋入れて抽出しています。味は、ホットでも常温でも飲みやすくて美味しいです。会社でも家でも飲んでいます。
25,B09B3W9WZV,日本サンテ チェストべリー 茶 ハーブ10種 ノンカフェイン 国産 無添加 （45杯分） ティーパック,日本サンテ,,aki,2023年4月30日,5.0,飲みやすいです。,しばらく続けて見ようと思います。
26,B09B3W9WZV,日本サンテ チェストべリー 茶 ハーブ10種 ノンカフェイン 国産 無添加 （45杯分） ティーパック,日本サンテ,,にの,2023年3月28日,4.0,每日飲んでます,每日飲んでます。イライラに効く気がします！味もおいしいし続けていきたいです！
27,B09B3W9WZV,日本サンテ チェストべリー 茶 ハーブ10種 ノンカフェイン 国産 無添加 （45杯分） ティーパック,日本サンテ,,ちゃみ,2023年4月29日,5.0,飲みやすい,癖の無い味で、食事とも一緒に飲みやすかったです。またリピートしたいと思います。
28,B09B3W9WZV,日本サンテ チェストべリー 茶 ハーブ10種 ノンカフェイン 国産 無添加 （45杯分） ティーパック,日本サンテ,,田中 勇聖,2023年4月27日,5.0,美味しい,お祝い
29,B09B3W9WZV,日本サンテ チェストべリー 茶 ハーブ10種 ノンカフェイン 国産 無添加 （45杯分） ティーパック,日本サンテ,,Kindleのお客様,2023年3月22日,4.0,黒豆や麦の香ばしさが際立ってとても飲みやすいお茶です。,自律神経系に良さそうなハーブも配合されてて、気になって購入してみました。一週間ほど飲み続け、前よりは寝付きが良くなったような気がします。何より、味がとても気に入ったので、またリピしてしばらく飲み続けようと思います。ノンカフェインなので寝る前にもいただけるのが有難いです。
30,B09B3W9WZV,日本サンテ チェストべリー 茶 ハーブ10種 ノンカフェイン 国産 無添加 （45杯分） ティーパック,日本サンテ,,hsnit_o,2023年4月26日,5.0,飲みやすいです。,チェストベリーが入っているので飲み始めました。黒豆茶？風味でとっても飲みやすいです。ハーブティーの味が私は少し苦手なので、こちらの黒豆茶のような味が飲みやすく自分に合っています。配合されているハーブも自分が飲みたいブレンドなので嬉しいです。
31,B09B3W9WZV,日本サンテ チェストべリー 茶 ハーブ10種 ノンカフェイン 国産 無添加 （45杯分） ティーパック,日本サンテ,,大鳥萌奈,2023年3月20日,4.0,飲みやすさ,とっても飲みやすいです！ハーブティーというより、黒豆茶という感じで食事に合わせることもできるところがよかったです！
32,B09B3W9WZV,日本サンテ チェストべリー 茶 ハーブ10種 ノンカフェイン 国産 無添加 （45杯分） ティーパック,日本サンテ,,Amazon カスタマー,2023年4月22日,5.0,リラックス,ノンカフェインで、寝る前に飲んでも大丈夫です。黒豆風味のやさしい味で、リラックスできます。
33,B09B3W9WZV,日本サンテ チェストべリー 茶 ハーブ10種 ノンカフェイン 国産 無添加 （45杯分） ティーパック,日本サンテ,,平野夏帆,2023年4月20日,5.0,美味しいです！,他のレビューにもあった通り、黒豆茶っぽい風味です！黒豆茶と麦茶の間な感じがしました！とても飲みやすく続けられそうです。チェストサプリをリピートしていて、こちらの商品も見つけたので購入しました。
34,B09B3W9WZV,日本サンテ チェストべリー 茶 ハーブ10種 ノンカフェイン 国産 無添加 （45杯分） ティーパック,日本サンテ,,みけ,2023年3月17日,4.0,美味しかった,ハーブティーというより黒豆茶の味です。ただ、飲みやすいしコスパも良かったです。胃にも優しくまた買おうと思います。
35,B09B3W9WZV,日本サンテ チェストべリー 茶 ハーブ10種 ノンカフェイン 国産 無添加 （45杯分） ティーパック,日本サンテ,,Eclair,2023年3月16日,4.0,ノンカフェインで安心,ノンカフェインなので、朝から晩まで安心してずっと飲んでます
36,B09B3W9WZV,日本サンテ チェストべリー 茶 ハーブ10種 ノンカフェイン 国産 無添加 （45杯分） ティーパック,日本サンテ,,あん,2023年3月8日,4.0,麦茶っぽい,ルイボスティーと言うより麦茶が強いです
37,B09B3W9WZV,日本サンテ チェストべリー 茶 ハーブ10種 ノンカフェイン 国産 無添加 （45杯分） ティーパック,日本サンテ,,mama,2023年3月2日,4.0,コスパが良く味も好きです,
38,B09B3W9WZV,日本サンテ チェストべリー 茶 ハーブ10種 ノンカフェイン 国産 無添加 （45杯分） ティーパック,日本サンテ,,Y,2023年4月8日,5.0,PMSや生理痛の緩和,子宮内膜症で毎月PMSや生理痛に悩まされている為、チェストベリーが配合されているハーブティーを探していました。生理が始まる1週間ほど前から生理中まで飲んでいますが、個人的にはPMSの症状はほとんどなく生理痛も結構緩和されビックリしています！味は、ほぼ麦茶でほんのり黒豆の風味がして飲みやすいです。薬ばかりに頼りたくないなぁと思っていたので、しばらく続けていこうと思います。
39,B09B3W9WZV,日本サンテ チェストべリー 茶 ハーブ10種 ノンカフェイン 国産 無添加 （45杯分） ティーパック,日本サンテ,,森千香子,2023年3月1日,4.0,飲みやすい,麦茶っぽい味で飲みやすい。食事と一緒にも飲めます。
40,B09B3W9WZV,日本サンテ チェストべリー 茶 ハーブ10種 ノンカフェイン 国産 無添加 （45杯分） ティーパック,日本サンテ,,Lapanchan,2023年4月16日,3.0,麦茶に近いハーブティ,カフェインが入っていない健康に良さそうなハーブティ-を探していたところ、こちらは10種類入っているということで、購入してみました。基本はハーブティーの味は苦手なのですが、こちらは飲んだ第一印象は麦茶?か黒豆茶っぽく感じました。実は麦茶もあまり好きではないのですが、こちらは割りと飲みやすいかもしれません。又1包が沢山入っているのもお得感があります。麦茶や黒豆茶の味が好きな方にはお勧めだと思います。
41,B09B3W9WZV,日本サンテ チェストべリー 茶 ハーブ10種 ノンカフェイン 国産 無添加 （45杯分） ティーパック,日本サンテ,,syu-ta,2023年4月7日,5.0,妻が気にいって飲んでいます。,妻が毎日飲んでいます。小さなやかんに2回くらいはしっかりお茶が出ます。妻はこれを飲み始めてから、調子が良くなったと言っています。
42,B09B3W9WZV,日本サンテ チェストべリー 茶 ハーブ10種 ノンカフェイン 国産 無添加 （45杯分） ティーパック,日本サンテ,,も と,2023年4月11日,5.0,とても大容量で美味しかった！,ラズベリーハーブ茶は、癖があると聞いてたのですが、とても飲みやすくて毎日飲めるので妊婦にもぴったりなお茶です！牛乳とお湯で割ってラテも作ってみましたが、とても美味しかったです。いろいろな飲み方が出来てとてもよかったです！
43,B09B3W9WZV,日本サンテ チェストべリー 茶 ハーブ10種 ノンカフェイン 国産 無添加 （45杯分） ティーパック,日本サンテ,,ã ´ã,2023年4月7日,5.0,飲みやすい！！,麦茶みたいな香ばしい飲みやすさで好きです。これで女性特有の悩みも解決出来るので、今後も続けたいです♬
44,B09B3W9WZV,日本サンテ チェストべリー 茶 ハーブ10種 ノンカフェイン 国産 無添加 （45杯分） ティーパック,日本サンテ,,kumao,2023年4月4日,5.0,飲みやすい,黒豆風味で飲みやすいです。一包あたりの容量をもう少し少なくして、一杯分にしていただけると助かります。
45,B09B3W9WZV,日本サンテ チェストべリー 茶 ハーブ10種 ノンカフェイン 国産 無添加 （45杯分） ティーパック,日本サンテ,,時々カスタマー,2023年4月2日,5.0,すごく好き,味と香りが個人的にすごく好きです。いま1番お気に入りのお茶。常にこれを飲んでいたいけど、ちょっといいお値段なので…１日１回くらいに抑えて愛飲してます。
46,B09B3W9WZV,日本サンテ チェストべリー 茶 ハーブ10種 ノンカフェイン 国産 無添加 （45杯分） ティーパック,日本サンテ,,こまちゃん,2023年4月3日,5.0,安い！,pmsのハーブティーはどこも結構お高いので、いつも頭を悩ませてましたがこちらは安くて助かります。。効きも悪くないので、またリピしたいと思います。
47,B09B3W9WZV,日本サンテ チェストべリー 茶 ハーブ10種 ノンカフェイン 国産 無添加 （45杯分） ティーパック,日本サンテ,,藤澤,2023年4月2日,5.0,とても美味しい。ごくごく飲んでます,水で出して冷蔵庫で冷やして飲んでます。麦茶の代わりです。麦茶よりも飽きずに美味しく飲めています。
48,B09B3W9WZV,日本サンテ チェストべリー 茶 ハーブ10種 ノンカフェイン 国産 無添加 （45杯分） ティーパック,日本サンテ,,Riku,2023年3月28日,5.0,生理前の情緒不安定が少し良くなりました！,味は黒豆の風味がして飲みやすかったです！こちらを3ヶ月ほど飲み続けて生理前のイライラ不安定な気分がだいぶ落ち着いた気がします！これからも続けようと思います。
49,B09B3W9WZV,日本サンテ チェストべリー 茶 ハーブ10種 ノンカフェイン 国産 無添加 （45杯分） ティーパック,日本サンテ,,wan,2023年3月29日,5.0,飲みやすいです,くせもなく、普通にのめるお茶です。女性にいいということなので、家族で飲んでいます。とても飲みやすいです。
50,B09B3W9WZV,日本サンテ チェストべリー 茶 ハーブ10種 ノンカフェイン 国産 無添加 （45杯分） ティーパック,日本サンテ,,wan,2023年3月29日,5.0,飲みやすいです,くせもなく、普通にのめるお茶です。女性にいいということなので、家族で飲んでいます。とても飲みやすいです。
51,B09B3W9WZV,日本サンテ チェストべリー 茶 ハーブ10種 ノンカフェイン 国産 無添加 （45杯分） ティーパック,日本サンテ,,chiaki,2023年3月28日,5.0,飲みやすい！,生理前のイライラした時に飲むと、落ち着きます。個人差があると思いますが、私には効果があり！だったのでリピートしました。
52,B09B3W9WZV,日本サンテ チェストべリー 茶 ハーブ10種 ノンカフェイン 国産 無添加 （45杯分） ティーパック,日本サンテ,,はぎひか,2023年3月22日,5.0,飲みやすいノンカフェインのお茶,味にクセはなく、とても飲みやすいと思いました。黒豆と麦の風味が強いので、黒豆茶や麦茶が好きな方におすすめです。
53,B09B3W9WZV,日本サンテ チェストべリー 茶 ハーブ10種 ノンカフェイン 国産 無添加 （45杯分） ティーパック,日本サンテ,,uguisu,2023年3月22日,5.0,飲みやすい,効果は分かりませんが好みの美味しい味で飲みやすいです。
54,B09B3W9WZV,日本サンテ チェストべリー 茶 ハーブ10種 ノンカフェイン 国産 無添加 （45杯分） ティーパック,日本サンテ,,信之,2023年2月27日,3.0,香り？,気のせいか、香りがしていません。私だけならごめんなさい。
55,B09B3W9WZV,日本サンテ チェストべリー 茶 ハーブ10種 ノンカフェイン 国産 無添加 （45杯分） ティーパック,日本サンテ,,Amazon カスタマー,2023年3月13日,5.0,毎日飲んでます,黒豆のおかげでとても飲みやすいです。私はハーブ感が強いと、飽きがくるので助かっています。
56,B09B3W9WZV,日本サンテ チェストべリー 茶 ハーブ10種 ノンカフェイン 国産 無添加 （45杯分） ティーパック,日本サンテ,,匿名,2023年3月8日,5.0,飲みやすく、ほんのりベリーの香りが,味は、ウーロンに似ているような感じかな？っておもいます。カップに入れたてのときは、ほんのりベリーの香りがしました。苦味がなく飲みやすくてノンカフェインなので１日通して飲めるのも魅力だとおもいます。
57,B09B3W9WZV,日本サンテ チェストべリー 茶 ハーブ10種 ノンカフェイン 国産 無添加 （45杯分） ティーパック,日本サンテ,,ayumi,2023年2月19日,3.0,パッケージが違います,パッケージが可愛くプレゼントにいいなと思ったのですが実物は画像と違いデカイ湿布が入ってそうな袋でした、商品画像変えた方がいいと思います。
58,B09B3W9WZV,日本サンテ チェストべリー 茶 ハーブ10種 ノンカフェイン 国産 無添加 （45杯分） ティーパック,日本サンテ,,ゆこりん,2023年2月26日,5.0,とても飲みやすいです(⁠*⁠'⁠ω⁠｀⁠*⁠),生理前の胸のハリ等の不調にチェストベリーが良いと知り早速、購入をしました。医薬品のプレフェミン（チェストベリー乾燥エキス40mg）と併用をして飲んでいますが、比較的早く効果を実感しています。
59,B09B3W9WZV,日本サンテ チェストべリー 茶 ハーブ10種 ノンカフェイン 国産 無添加 （45杯分） ティーパック,日本サンテ,,Amazon カスタマー,2023年2月25日,5.0,PMSが軽くなった。,ナツメも一緒に食べているので、どちらの効果か分かりませんが・生理前の精神的な症状がほぼ無し。・お肌荒れない。・生理痛がかなり軽減され、1日一回ロキソニン飲むだけで無痛。生活に支障なく過ごせた。・今まで生理4日目まで多かった出血が、1.２日目だけ多く（ほぼ出切った）、３日目は漏れ等心配ないくらい落ち着いて、5日間で完全に終了。就寝中の出血もなく、こんなに楽な生理は数年ぶりで、びっくりしています。病院に行く前に試してよかったです。
60,B09B3W9WZV,日本サンテ チェストべリー 茶 ハーブ10種 ノンカフェイン 国産 無添加 （45杯分） ティーパック,日本サンテ,,渡邊ありさ,2023年3月5日,5.0,たっぷり飲める,味も美味しいし健康的な感じです。たっぷり飲めるのでお得です。
61,B09B3W9WZV,日本サンテ チェストべリー 茶 ハーブ10種 ノンカフェイン 国産 無添加 （45杯分） ティーパック,日本サンテ,,MS,2023年3月5日,5.0,飲みやすい,初めて購入しましたが、飲みやすいです。朝食時に飲んでいますが、食事とも合います！
62,B09B3W9WZV,日本サンテ チェストべリー 茶 ハーブ10種 ノンカフェイン 国産 無添加 （45杯分） ティーパック,日本サンテ,,やすこ,2023年2月26日,5.0,しっかりとしたお茶！,飲みやすくノンカフェインなのが良いです！沢山お湯だしできるのて最適！
63,B09B3W9WZV,日本サンテ チェストべリー 茶 ハーブ10種 ノンカフェイン 国産 無添加 （45杯分） ティーパック,日本サンテ,,もも,2023年2月7日,5.0,効いてる気がする,生理中に届き飲みました。いつもより体調良かったような気がします。
64,B09B3W9WZV,日本サンテ チェストべリー 茶 ハーブ10種 ノンカフェイン 国産 無添加 （45杯分） ティーパック,日本サンテ,,ねここ,2022年10月16日,4.0,飲みやすい,購入は初めてですが、麦茶のように飲みやすいです。仕事用にマイボトルや水筒にそのまま入れられる量で数が増えたら使いやすいと思っております。
65,B09B3W9WZV,日本サンテ チェストべリー 茶 ハーブ10種 ノンカフェイン 国産 無添加 （45杯分） ティーパック,日本サンテ,,Rocey,2022年9月30日,4.0,飲みやすい,ハーブティーブレンドということだがよくあるハーブティーの独特な味を黒豆茶風味で隠しているので飲みやすい。普通に黒豆茶と言われても多分気づかない。1回でかなりの量作れるしコスパもいいので重宝しそう。
66,B09B3W9WZV,日本サンテ チェストべリー 茶 ハーブ10種 ノンカフェイン 国産 無添加 （45杯分） ティーパック,日本サンテ,,はなはな,2022年9月26日,4.0,誰でも飲みやすいハーブティー,ハーブティーが好きで色々飲んでいますが、こちらのハーブティーはハーブ感が少なめですので、どなたでも飲みやすいと思います。飲み方も好みに合わせて色々飲めるようになっているのもいいですね。個人的にはラテが美味しくいただけました。あとはノンカフェインなのも嬉しいです。添加物等も入っていないのも気に入りました。
67,B09B3W9WZV,日本サンテ チェストべリー 茶 ハーブ10種 ノンカフェイン 国産 無添加 （45杯分） ティーパック,日本サンテ,,Amazon カスタマー,2022年9月29日,4.0,飲みやすい,初めて購入しました。想像したベリー感はありませんが、飲みやすいと思います。
68,B09B3W9WZV,日本サンテ チェストべリー 茶 ハーブ10種 ノンカフェイン 国産 無添加 （45杯分） ティーパック,日本サンテ,,ミニいちご,2022年11月14日,3.0,そうけんび○ゃ,味は癖もなく飲みやすいが、マグカップで使うようなティーバッグではない。麦茶のパックのように大きく、葉っぱの屑が大量にティーバックの外に浮遊する。わたしは飲みにくい。味はいいので、工夫して飲み切りたい。リピはない。
69,B09B3W9WZV,日本サンテ チェストべリー 茶 ハーブ10種 ノンカフェイン 国産 無添加 （45杯分） ティーパック,日本サンテ,,Amazon カスタマー,2022年12月22日,5.0,味が美味しい,生理前の時期はこれを飲んでいます。味も好きです。黒豆茶が好きな人は美味しく飲むことができると思います。pmddの為に飲んでいますが私はこのお茶以外にもサプリや漢方も摂っているので効果に関してはわかりません。
70,B09B3W9WZV,日本サンテ チェストべリー 茶 ハーブ10種 ノンカフェイン 国産 無添加 （45杯分） ティーパック,日本サンテ,,しよう,2022年12月16日,5.0,本当においしい😍🎶,飲んでみたら本当においしいです、なんとも言えない美味しさ、なくなったらまた、購入予定どんな味かは、飲んで見て、お楽しみ誰でも飲みやすいスート体に入りますよ❗
71,B09B3W9WZV,日本サンテ チェストべリー 茶 ハーブ10種 ノンカフェイン 国産 無添加 （45杯分） ティーパック,日本サンテ,,のぼ,2022年11月14日,5.0,美味しい,たぶん３回目の購入。とにかく飲みやすい!ハーブ入ってると苦手なものも多いのですが、ほうじ茶や濃い麦茶のような味で、和食にもスイーツにも合います。毎日飲んでいる訳ではないので、効果はわかりませんが、なんとなく巡りが良くなる気がします。コスパ良すぎで、一パックでたっぷり濃く出ます。カップ１杯出すときは袋を破いて、茶こしつきのポットで出します。小さいパックも出して欲しいかな〜追記→チェストベリーを知らない方が多いですね。ベリーと書いてますが、苺やブルーベリーのようなベリーではありません。風味がベリー系の果実とは別ものなので、チェストベリーを調べてから購入をオススメします。あと確かにちょっとカスが出ますよね。私は気あまりになりませんが、茶こしやお茶パックなどがあったほうがいいかもしれません。
72,B09B3W9WZV,日本サンテ チェストべリー 茶 ハーブ10種 ノンカフェイン 国産 無添加 （45杯分） ティーパック,日本サンテ,,宮下直子,2022年11月6日,5.0,飲みやすく続けやすい,味は黒豆茶のような感じでとても飲みやすいので気に入って何度もリピしてます。PMSの症状がひどいのでチェストツリーが入っているハーブティーを探していたところこちらのチェスティーに出会いました。続けて飲んでいるとPMSの少し症状が軽くなっている気がします。会社で飲む用と自宅用で毎回2つ購入してます。ホットもアイスも飲みやすいので黒豆茶の味が苦手な方でなければオススメです。
73,B09B3W9WZV,日本サンテ チェストべリー 茶 ハーブ10種 ノンカフェイン 国産 無添加 （45杯分） ティーパック,日本サンテ,,Yui,2022年11月17日,5.0,いつも助かってます。,味は麦茶のような感じで飲みやすいです！生理中はいつも常備してます。不思議と和らぐので手放せません！
74,B09B3W9WZV,日本サンテ チェストべリー 茶 ハーブ10種 ノンカフェイン 国産 無添加 （45杯分） ティーパック,日本サンテ,,mitsu yomi,2022年9月1日,3.0,ほぼ麦茶で飲みやすい。製品は悪くないが謎のハガキが嫌,以前サプリを購入して効果がある気がしたので、普段から気軽に取り組めそうなハーブティーを試しに買ってみました。色々入っているのでどんな味かとドキドキしていたら、麦の風味が強くてほぼ麦茶です笑　癖がなくて飲みやすい味。またなくなったら買おうかなと思っていたらアンケートハガキが来ました。ハガキのQRコードを読むだけ、とあるのにamazonアカウント作成画面に飛ばされたり、LINEの友だち登録画面に飛ばされたりして嫌な感じです。Amazon出店した時のハガキもこんな感じで、偽物じゃないかと不安になったことを思い出しました。製品は良いので、ハガキの不備というか、ネットに不慣れな感じをなんとかして欲しい。逆に安心感が損なわれて、良くない印象を抱きました。今後良い方向に改善させることを願っています。
75,B09B3W9WZV,日本サンテ チェストべリー 茶 ハーブ10種 ノンカフェイン 国産 無添加 （45杯分） ティーパック,日本サンテ,,村岡愛子,2022年10月6日,5.0,美味しく飲みやすいです,麦茶のようなスッキリとした味わいでとても美味しいです。飲み続けるとイライラもなくなり、とても落ち着いた気分になります。
76,B09B3W9WZV,日本サンテ チェストべリー 茶 ハーブ10種 ノンカフェイン 国産 無添加 （45杯分） ティーパック,日本サンテ,,ま,2022年10月2日,5.0,カラダがポカポカします！,飲み始めたら生理不順が治ったのは本当だし、味も飲みやすいです！
77,B09B3W9WZV,日本サンテ チェストべリー 茶 ハーブ10種 ノンカフェイン 国産 無添加 （45杯分） ティーパック,日本サンテ,,kaimiwakame,2022年12月7日,2.0,商品名を見て期待しましたが…,商品名を見て、ベリー系のハーブティーと思い込み購入しました。黒豆茶も入っており、色はまさに茶色。味も黒豆茶って感じでした。ベリー，ハーブ感全くなく…残念でした。せめて商品名に黒豆茶と表記するか、パッケージの表に記載して欲しかったです。詳細まで確認しなかった私が悪いので返品はできませんが…2度目は無いです。
78,B09B3W9WZV,日本サンテ チェストべリー 茶 ハーブ10種 ノンカフェイン 国産 無添加 （45杯分） ティーパック,日本サンテ,,靍田富子,2023年5月11日,1.0,ハーブティー,麦茶の味が強くて他ハーブの香りも味もしませんでした
79,B09B3W9WZV,日本サンテ チェストべリー 茶 ハーブ10種 ノンカフェイン 国産 無添加 （45杯分） ティーパック,日本サンテ,,Amazon カスタマー,2023年5月3日,1.0,ベリーの感じはしないです,ベリーのお茶かと思って購入しましたが、麦茶のような、それか入っている黒豆が強かったです残念です……
80,B09B3W9WZV,日本サンテ チェストべリー 茶 ハーブ10種 ノンカフェイン 国産 無添加 （45杯分） ティーパック,日本サンテ,,1234,2023年5月4日,1.0,ハーブティー？,ただの麦茶
81,B09B3W9WZV,日本サンテ チェストべリー 茶 ハーブ10種 ノンカフェイン 国産 無添加 （45杯分） ティーパック,日本サンテ,,Amazon カスタマー,2023年2月12日,4.0,飲みやすい,飲みやすくて良かった！穏やかな感じ
82,B09B3W9WZV,日本サンテ チェストべリー 茶 ハーブ10種 ノンカフェイン 国産 無添加 （45杯分） ティーパック,日本サンテ,,河越美恵子,2023年4月7日,1.0,ハーブティー,定期便にしましたが、2度目は、要らない、まずい、香りすら無い、おすすめ出来ません！
83,B09B3W9WZV,日本サンテ チェストべリー 茶 ハーブ10種 ノンカフェイン 国産 無添加 （45杯分） ティーパック,日本サンテ,,Amazon カスタマー,2023年2月26日,1.0,麦茶そのもの,他の人のレビューにもありますが、麦茶のように、ではなくて、麦茶パック。飲みゃ分かるだろ❗
84,B09B3W9WZV,日本サンテ チェストべリー 茶 ハーブ10種 ノンカフェイン 国産 無添加 （45杯分） ティーパック,日本サンテ,,えん,2023年2月24日,1.0,ほぼ黒豆,ハーブティーをイメージさせてるけど、味は黒豆です。がっかり
85,B09B3W9WZV,日本サンテ チェストべリー 茶 ハーブ10種 ノンカフェイン 国産 無添加 （45杯分） ティーパック,日本サンテ,,空,2023年3月15日,2.0,商品名が悪い。,『チェストべリー茶 ハーブ10種』…イメージと離れ過ぎている風味のお茶です。配合のバランスが悪いのか大麦と黒豆が強く『麦茶or黒豆茶 ほんのりハーブ入り』って感じのお茶です。ハーブの風味や香りを期待して購入する方にはお薦めしません。麦茶・黒豆茶・烏龍茶など…そちら向きの商品名になっていたら、飲んだ時にそれほどイメージに騙された感じは受けず、がっかりすることなく普通に楽しめたお茶でした。
86,B09B3W9WZV,日本サンテ チェストべリー 茶 ハーブ10種 ノンカフェイン 国産 無添加 （45杯分） ティーパック,日本サンテ,,deep,2023年1月5日,1.0,期待しすぎました,味は麦茶です。香りがなく、苦味があります。「身体にいいかも」と言い聞かせて飲みましたがもう我慢の限界です。とても残念な買い物でした
87,B09B3W9WZV,日本サンテ チェストべリー 茶 ハーブ10種 ノンカフェイン 国産 無添加 （45杯分） ティーパック,日本サンテ,,シオン,2022年10月21日,1.0,ビックリするぐらいに香りない,淹れ方が間違っているとか言うレベルではないくらいに、何も香りを感じない。そんなものというのなら仕方がないが、絶対に2度と買わないです。
88,B09B3W9WZV,日本サンテ チェストべリー 茶 ハーブ10種 ノンカフェイン 国産 無添加 （45杯分） ティーパック,日本サンテ,,琴子,2022年12月30日,5.0,ハーブ感はなくて飲みやすい,味は麦茶みたいな感じで、かなり香ばしいです。夏場に冷やしてグビグビ飲んだら美味しいんだろうな～！と思いつつ、体を冷やさないようにホットで飲んでいます。後は、袋が結構大きくて驚きました。毎日飲むお茶にピッタリだなと思っています。
89,B09B3W9WZV,日本サンテ チェストべリー 茶 ハーブ10種 ノンカフェイン 国産 無添加 （45杯分） ティーパック,日本サンテ,,と〜る,2022年9月13日,1.0,何がベリーなのかわかりません,ただの麦茶でした。
90,B09B3W9WZV,日本サンテ チェストべリー 茶 ハーブ10種 ノンカフェイン 国産 無添加 （45杯分） ティーパック,日本サンテ,,a,2022年8月31日,5.0,飲みやすい,コーヒーをやめてこれを飲むようにしたら生理不順が良くなったようなので続けてみます！
91,B09B3W9WZV,日本サンテ チェストべリー 茶 ハーブ10種 ノンカフェイン 国産 無添加 （45杯分） ティーパック,日本サンテ,,Amazon カスタマー,2022年9月15日,5.0,飲みやすい,3袋目の購入です。飲みやすいので愛用させてもらってます。追記台風の日の配達と重なった時に商品が濡れないように別で袋にも入れて下さってとても助かりました。とても信用出来る会社です。
92,B09B3W9WZV,日本サンテ チェストべリー 茶 ハーブ10種 ノンカフェイン 国産 無添加 （45杯分） ティーパック,日本サンテ,,Amazon カスタマー,2022年9月15日,5.0,こちらのハーブティは初めて購入,ハーブのクセが全くなく、黒豆茶と言う感じで飲みやすいです。黒豆のせいか、和食にもよく合います！個人的には、もう少しハーブが強くても良かったかな…。でも美味しいので、リピートすると思います！
93,B09B3W9WZV,日本サンテ チェストべリー 茶 ハーブ10種 ノンカフェイン 国産 無添加 （45杯分） ティーパック,日本サンテ,,まな,2022年10月3日,5.0,リラックス気分になれます,最近紅茶を飲んでリラックスするのがマイブームなので、紅茶を探していたところ、こちらのこうかを見つけたので購入しました。味はベリー系のお味ですが、クセがなく飲みやすかったです。コスパもよいので、また機会があれば購入したいです。他の味もあれば試してみたいです。
94,B09B3W9WZV,日本サンテ チェストべリー 茶 ハーブ10種 ノンカフェイン 国産 無添加 （45杯分） ティーパック,日本サンテ,,Amazon カスタマー,2022年12月10日,5.0,美味しいです☺︎,パッケージがオシャレでかわいくて10回以上リピートしています。味も美味しくて飲みやすいです。一包を朝700mlくらいのお湯に15分くらい浸けといて、1日かけて毎日飲んでいます。精神的にかなり安定しているのですが、他のお薬も一緒に飲み続けているのでこれの効果かどうかはよく分かりません。
95,B09B3W9WZV,日本サンテ チェストべリー 茶 ハーブ10種 ノンカフェイン 国産 無添加 （45杯分） ティーパック,日本サンテ,,Amazon カスタマー,2022年8月30日,5.0,飲みやすいです,水出しでもお茶の味が出て飲みやすいです。
96,B09B3W9WZV,日本サンテ チェストべリー 茶 ハーブ10種 ノンカフェイン 国産 無添加 （45杯分） ティーパック,日本サンテ,,斎藤　有加莉,2022年9月2日,5.0,飲みやすいです,ハーブティーというより麦茶に近く、飲みやすいです。
97,B09B3W9WZV,日本サンテ チェストべリー 茶 ハーブ10種 ノンカフェイン 国産 無添加 （45杯分） ティーパック,日本サンテ,,ジェシー,2022年10月18日,4.0,美味しいお茶,ハーブティーなので、クセがあるかなと思ってましたが味は普通のお茶と変わらないです。PMS対策にチェストベリーのサプリを飲んでいましたが、これからはこちらも併用していこうと思います^_^
98,B09B3W9WZV,日本サンテ チェストべリー 茶 ハーブ10種 ノンカフェイン 国産 無添加 （45杯分） ティーパック,日本サンテ,,Uru,2022年9月5日,4.0,凄く飲みやすい,体内にいれる物なのでしっかりとレビューを見て購入しました。他の人も言っているようにスッキリとしたとても飲みやすいお茶です。カフェインが含まれていないので2歳の子供も飲んでいます。寝る前に飲んでもよく眠れます。
99,B09B3W9WZV,日本サンテ チェストべリー 茶 ハーブ10種 ノンカフェイン 国産 無添加 （45杯分） ティーパック,日本サンテ,,虹,2022年8月24日,5.0,美味しいです,夜、寝る前に飲んでいます。美味しくて飲みやすいですし、何となく体調が良い気がします。
100,B09B3W9WZV,日本サンテ チェストべリー 茶 ハーブ10種 ノンカフェイン 国産 無添加 （45杯分） ティーパック,日本サンテ,,NY,2022年8月30日,5.0,飲みやすくおいしい,妊活のために飲んでます。癖がなくとても飲みやすく、美味しいです。
101,B09B3W9WZV,日本サンテ チェストべリー 茶 ハーブ10種 ノンカフェイン 国産 無添加 （45杯分） ティーパック,日本サンテ,,月美,2022年8月24日,4.0,楽天の時から飲んでいます。,楽天の時から飲んでいます。飲んでいるとPMS が少し良いような気がします。味はすごく美味しいというわけではありませんが、苦いとか飲みにくいというわけでもないです。ノンカフェインしか飲めないのでそこも安心して飲めて助かります。
102,B09B3W9WZV,日本サンテ チェストべリー 茶 ハーブ10種 ノンカフェイン 国産 無添加 （45杯分） ティーパック,日本サンテ,,ふわり,2022年8月19日,5.0,お茶の味で飲みやすかったです。,ティーとかいていたのでハーブティーとか紅茶ぽいのかなと想像していましたが、普通に麦茶という感じでした。特に癖となもなく飲みやすかったです。むしろ美味しくてすきでした！ハーブティーを想像してる人はすこし残念かも。１つで３杯分のめるので、母と分けて飲んでいます。ホットで５分以上置くとかなり濃くなってしまうので、濃くなりすぎないよう気を付けた方がいいかも。
103,B09B3W9WZV,日本サンテ チェストべリー 茶 ハーブ10種 ノンカフェイン 国産 無添加 （45杯分） ティーパック,日本サンテ,,まうんちゃん,2022年9月9日,5.0,飲みやすくて日常使いに良い,ハーブティーかと思いましたが、香りの良い麦茶という感じなので、普段飲むのにもいいです。水出しでもいいので、気軽に飲めます。ラズベリーリーフは単体のお茶だと少し飲みにくいので、入っていて嬉しいです。健康のためにも飲んでいこうと思います。パッケージもシンプルで可愛いです。
104,B09B3W9WZV,日本サンテ チェストべリー 茶 ハーブ10種 ノンカフェイン 国産 無添加 （45杯分） ティーパック,日本サンテ,,ねこ,2022年9月17日,5.0,購入時は容量に注意,45杯分と商品名にありますが、ティーバッグ一包が約3杯分ということで、15包入の商品です。一包7グラムのティーバッグで、普通の紅茶のティーバッグを考えると結構内容量が多めなんですが、公式の推奨の淹れ方を見ると、200mlのお湯で5分、400mlのお湯で15分置くなど、わりと濃い目がいいようです。黒豆風味ということで、渋めの雰囲気の香りと味です。もう少し華やかな味を想像していましたが、落ち着いた感じでした。
105,B09B3W9WZV,日本サンテ チェストべリー 茶 ハーブ10種 ノンカフェイン 国産 無添加 （45杯分） ティーパック,日本サンテ,,おにょぞう,2022年8月15日,5.0,飲みやすいです,ハーブティーなのに麦茶ベースなので飲みやすいです。水出しでも飲むことができるのでジャーに水をいれるだけで作ることができます。
